<?xml version="1.0" encoding="utf-8"?>
<productAdditionalComps>
   <dependsOn>
      <component>
         <name>LCSmac</name>
         <locale/>
         <platformList>
            <platform>maci64</platform>
         </platformList>
         <version>1.34</version>
      </component>
   </dependsOn>
   <isControllingProduct>true</isControllingProduct>
   <platform>maci64</platform>
   <productName>LCSmac</productName>
   <productNumber>5000</productNumber>
   <productBaseCode>LCSmac</productBaseCode>
   <productVersion>1.34</productVersion>
   <releaseFamily>R2023a</releaseFamily>
   <releaseDescription>R2023a</releaseDescription>
</productAdditionalComps>