<?xml version="1.0" encoding="utf-8"?>
<ApplicationInstallerManifest>
   <DefaultInstallationDirectory>/Applications/LogicalClusteringSuiteMac/</DefaultInstallationDirectory>
   <ApplicationName>LogicalClusteringSuiteMac</ApplicationName>
   <ExecutableName>application/LogicalClusteringSuiteMac.exe</ExecutableName>
   <GUID>bc6a76a3-dd79-4a31-b0b0-1446f5546b85</GUID>
   <ApplicationIcon>icon_48.png</ApplicationIcon>
   <Logo>logo3952721766038133985.jpg</Logo>
   <Version>0.5</Version>
   <Summary>Simple Gene Correlation Analysis (sGCA) standalone application with graphical user interface for Mac.</Summary>
   <WelcomePanelText>LogicalClusteringSuiteMac 0.5
Simple Gene Correlation Analysis (sGCA) standalone application with graphical user interface for Mac.

sGCA has been originally published in Ma et al., Cell Rep, 2023 under a CC BY-NC-ND 4.0 license (i.e., no commerical use, no component remixing, republishing, or redistribution). Download of MATLAB runtime from web required. This is an experimental application that is still under development. Please use with due caution and report issues to sgcafeedback@gmail.com. For more details, please refer to the manual and the tooltips.

Philipp Niethammer
sgcafeedback@gmail.com</WelcomePanelText>
   <MCRProducts>
      <MCRProduct>
         <ExternalProductIdentifier>35000</ExternalProductIdentifier>
      </MCRProduct>
      <MCRProduct>
         <ExternalProductIdentifier>35002</ExternalProductIdentifier>
      </MCRProduct>
      <MCRProduct>
         <ExternalProductIdentifier>35003</ExternalProductIdentifier>
      </MCRProduct>
      <MCRProduct>
         <ExternalProductIdentifier>35010</ExternalProductIdentifier>
      </MCRProduct>
      <MCRProduct>
         <ExternalProductIdentifier>35119</ExternalProductIdentifier>
      </MCRProduct>
      <MCRProduct>
         <ExternalProductIdentifier>35180</ExternalProductIdentifier>
      </MCRProduct>
      <MCRProduct>
         <ExternalProductIdentifier>35183</ExternalProductIdentifier>
      </MCRProduct>
   </MCRProducts>
</ApplicationInstallerManifest>