<?xml version="1.0" encoding="utf-8"?>
<ApplicationInstallerManifest>
   <DefaultInstallationDirectory>/Applications/LCSmac/</DefaultInstallationDirectory>
   <ApplicationName>LCSmac</ApplicationName>
   <ExecutableName>application/LCSmac.exe</ExecutableName>
   <GUID>79f940bb-f914-4936-b3ef-d964bb3edcb6</GUID>
   <ApplicationIcon>icon_48.png</ApplicationIcon>
   <Logo>logo1453327469747070525.jpg</Logo>
   <Version>1.34</Version>
   <Summary>Logical clustering suite with graphical user interface.</Summary>
   <WelcomePanelText>LCSmac 1.34
Logical clustering suite with graphical user interface.

Permutated logical clustering of gene expression profiles. Please cite Ma et al.., Cell Rep, 2023. This is an experimental application: interpret LCS results with caution.

Philipp Niethammer</WelcomePanelText>
   <MCRProducts>
      <MCRProduct>
         <ExternalProductIdentifier>35000</ExternalProductIdentifier>
      </MCRProduct>
      <MCRProduct>
         <ExternalProductIdentifier>35002</ExternalProductIdentifier>
      </MCRProduct>
      <MCRProduct>
         <ExternalProductIdentifier>35003</ExternalProductIdentifier>
      </MCRProduct>
      <MCRProduct>
         <ExternalProductIdentifier>35010</ExternalProductIdentifier>
      </MCRProduct>
      <MCRProduct>
         <ExternalProductIdentifier>35117</ExternalProductIdentifier>
      </MCRProduct>
      <MCRProduct>
         <ExternalProductIdentifier>35119</ExternalProductIdentifier>
      </MCRProduct>
      <MCRProduct>
         <ExternalProductIdentifier>35180</ExternalProductIdentifier>
      </MCRProduct>
      <MCRProduct>
         <ExternalProductIdentifier>35183</ExternalProductIdentifier>
      </MCRProduct>
   </MCRProducts>
</ApplicationInstallerManifest>